Day,Month,Year,solstice,Minimum Temperature,Maximum Temperature
07,10,2019,2548,-81,-28
06,10,2019,2547,-82,-24
05,10,2019,2546,-82,-31
04,10,2019,2545,-81,-33
03,10,2019,2544,-81,-30
02,10,2019,2543,-82,-29
30,09,2019,2542,-83,-26
29,09,2019,2541,-81,-30
28,09,2019,2540,-81,-30
27,09,2019,2539,-81,-30
26,09,2019,2538,-83,-28
25,09,2019,2537,-80,-29
24,09,2019,2536,-82,-30
23,09,2019,2535,-82,-25
22,09,2019,2534,-82,-29
21,09,2019,2533,-83,-32
20,09,2019,2532,-81,-31
19,09,2019,2531,-81,-32
18,09,2019,2530,-82,-27
17,09,2019,2529,-81,-30
16,09,2019,2528,-81,-28
15,09,2019,2527,-83,-31
14,09,2019,2526,-82,-29
13,09,2019,2525,-83,-29
12,09,2019,2524,-80,-31
11,09,2019,2523,-82,-28
10,09,2019,2522,-82,-32
09,09,2019,2521,-80,-29
08,09,2019,2520,-81,-32
07,09,2019,2519,-82,-31
06,09,2019,2518,-81,-26
05,09,2019,2517,-82,-29
04,09,2019,2516,-82,-31
03,09,2019,2515,-81,-32
02,09,2019,2514,-81,-29
01,09,2019,2513,-81,-28
31,08,2019,2512,-82,-28
30,08,2019,2511,-81,-30
29,08,2019,2510,-81,-33
28,08,2019,2509,-82,-33
27,08,2019,2508,-82,-33
26,08,2019,2507,-82,-28
24,08,2019,2506,-81,-31
23,08,2019,2505,-81,-32
22,08,2019,2504,-81,-33
21,08,2019,2503,-81,-32
20,08,2019,2502,-81,-31
19,08,2019,2501,-81,-27
18,08,2019,2500,-81,-30
17,08,2019,2499,-82,-28
16,08,2019,2498,-81,-33
15,08,2019,2497,-82,-28
14,08,2019,2496,-80,-29
13,08,2019,2495,-81,-32
12,08,2019,2494,-81,-28
11,08,2019,2493,-81,-29
10,08,2019,2492,-81,-32
09,08,2019,2491,-80,-29
08,08,2019,2490,-80,-28
07,08,2019,2489,-81,-29
06,08,2019,2488,-80,-27
05,08,2019,2487,-82,-31
04,08,2019,2486,-82,-28
03,08,2019,2485,-81,-31
02,08,2019,2484,-80,-33
01,08,2019,2483,-81,-28
31,07,2019,2482,-80,-29
30,07,2019,2481,-80,-30
29,07,2019,2480,-78,-31
28,07,2019,2479,-79,-32
27,07,2019,2478,-78,-34
26,07,2019,2477,-78,-30
25,07,2019,2476,-81,-26
24,07,2019,2475,-77,-28
23,07,2019,2474,-75,-30
22,07,2019,2473,-75,-31
21,07,2019,2472,-79,-27
20,07,2019,2471,-78,-32
18,07,2019,2470,-78,-27
17,07,2019,2469,-79,-23
16,07,2019,2468,-79,-30
15,07,2019,2467,-79,-28
14,07,2019,2466,-79,-31
13,07,2019,2465,-80,-22
12,07,2019,2464,-80,-22
11,07,2019,2463,-80,-23
10,07,2019,2462,-80,-27
09,07,2019,2461,-79,-28
08,07,2019,2460,-81,-27
07,07,2019,2459,-80,-26
06,07,2019,2458,-80,-27
05,07,2019,2457,-79,-23
04,07,2019,2456,-81,-27
03,07,2019,2455,-80,-29
02,07,2019,2454,-79,-23
01,07,2019,2453,-79,-22
30,06,2019,2452,-80,-19
29,06,2019,2451,-79,-22
28,06,2019,2450,-79,-26
27,06,2019,2449,-79,-24
26,06,2019,2448,-80,-26
25,06,2019,2447,-81,-23
24,06,2019,2446,-78,-25
23,06,2019,2445,-80,-26
22,06,2019,2444,-80,-26
21,06,2019,2443,-80,-26
20,06,2019,2442,-78,-27
19,06,2019,2441,-81,-28
18,06,2019,2440,-79,-26
17,06,2019,2439,-80,-20
16,06,2019,2438,-80,-25
15,06,2019,2437,-79,-25
14,06,2019,2436,-80,-22
13,06,2019,2435,-79,-23
12,06,2019,2434,-79,-17
10,06,2019,2433,-79,-19
09,06,2019,2432,-79,-14
08,06,2019,2431,-78,-25
07,06,2019,2430,-77,-21
06,06,2019,2429,-77,-23
05,06,2019,2428,-79,-21
04,06,2019,2427,-76,-21
03,06,2019,2426,-76,-24
02,06,2019,2425,-79,-24
01,06,2019,2424,-74,-24
31,05,2019,2423,-73,-24
30,05,2019,2422,-73,-27
29,05,2019,2421,-73,-26
28,05,2019,2420,-78,-26
27,05,2019,2419,-75,-16
26,05,2019,2418,-75,-21
25,05,2019,2417,-77,-18
24,05,2019,2416,-78,-14
23,05,2019,2415,-77,-24
22,05,2019,2414,-75,-24
21,05,2019,2413,-78,-24
20,05,2019,2412,-78,-14
19,05,2019,2411,-77,-28
18,05,2019,2410,-77,-25
17,05,2019,2409,-77,-27
16,05,2019,2408,-78,-27
15,05,2019,2407,-77,-24
14,05,2019,2406,-77,-24
13,05,2019,2405,-75,-25
12,05,2019,2404,-77,-24
11,05,2019,2403,-76,-23
10,05,2019,2402,-77,-23
09,05,2019,2401,-77,-23
08,05,2019,2400,-76,-24
07,05,2019,2399,-75,-22
06,05,2019,2398,-76,-22
04,05,2019,2397,-75,-21
03,05,2019,2396,-76,-22
02,05,2019,2395,-76,-23
01,05,2019,2394,-75,-22
30,04,2019,2393,-76,-22
29,04,2019,2392,-76,-20
28,04,2019,2391,-77,-21
27,04,2019,2390,-77,-23
26,04,2019,2389,-76,-22
25,04,2019,2388,-75,-22
24,04,2019,2387,-77,-21
23,04,2019,2386,-77,-20
22,04,2019,2385,-75,-20
21,04,2019,2384,-76,-21
20,04,2019,2383,-74,-20
19,04,2019,2382,-75,-21
18,04,2019,2381,-75,-18
17,04,2019,2380,-76,-20
16,04,2019,2379,-74,-20
15,04,2019,2378,-74,-22
14,04,2019,2377,-74,-21
13,04,2019,2376,-75,-20
12,04,2019,2375,-75,-19
11,04,2019,2374,-75,-18
10,04,2019,2373,-76,-19
09,04,2019,2372,-74,-20
08,04,2019,2371,-74,-19
07,04,2019,2370,-76,-20
06,04,2019,2369,-76,-19
05,04,2019,2368,-77,-18
04,04,2019,2367,-75,-18
03,04,2019,2366,-74,-19
02,04,2019,2365,-74,-19
01,04,2019,2364,-75,-20
31,03,2019,2363,-74,-18
30,03,2019,2362,-74,-17
28,03,2019,2361,-75,-10
27,03,2019,2360,-74,-18
26,03,2019,2359,-74,-20
25,03,2019,2358,-74,-18
24,03,2019,2357,-78,-19
23,03,2019,2356,-76,-16
22,03,2019,2355,-75,-18
21,03,2019,2354,-75,-18
20,03,2019,2353,-74,-16
19,03,2019,2352,-74,-16
18,03,2019,2351,-75,-6
17,03,2019,2350,-74,-17
16,03,2019,2349,-74,-17
15,03,2019,2348,-74,-19
14,03,2019,2347,-60,-19
05,03,2019,2338,-75,-13
04,03,2019,2337,-73,-17
03,03,2019,2336,-73,-19
02,03,2019,2335,-73,-18
01,03,2019,2334,-73,-18
28,02,2019,2333,-57,-19
13,02,2019,2319,-72,-17
12,02,2019,2318,-73,-17
11,02,2019,2317,-73,-16
10,02,2019,2316,-72,-14
09,02,2019,2315,-71,-17
08,02,2019,2314,-71,-16
07,02,2019,2313,-71,-14
06,02,2019,2312,-72,-13
05,02,2019,2311,-73,-11
04,02,2019,2310,-75,-6
03,02,2019,2309,-71,-16
02,02,2019,2308,-71,-13
01,02,2019,2307,-71,-13
31,01,2019,2306,-70,-12
30,01,2019,2305,-73,-4
29,01,2019,2304,-73,-6
28,01,2019,2303,-73,-7
27,01,2019,2302,-73,-7
26,01,2019,2301,-73,-17
25,01,2019,2300,-73,-7
24,01,2019,2299,-74,-5
23,01,2019,2298,-71,-9
22,01,2019,2297,-70,-12
21,01,2019,2296,-73,-7
20,01,2019,2295,-68,-8
19,01,2019,2294,-70,-8
18,01,2019,2293,-69,-9
17,01,2019,2292,-72,-7
16,01,2019,2291,-70,-8
15,01,2019,2290,-69,-10
14,01,2019,2289,-69,-8
12,01,2019,2288,-68,-7
11,01,2019,2287,-69,-7
10,01,2019,2286,-68,-8
09,01,2019,2285,-69,-8
08,01,2019,2284,-70,-7
07,01,2019,2283,-71,-9
06,01,2019,2282,-71,-5
05,01,2019,2281,-71,-6
04,01,2019,2280,-71,-9
03,01,2019,2279,-71,-8
02,01,2019,2278,-71,-5
01,01,2019,2277,-71,-5
31,12,2018,2276,-71,-6
30,12,2018,2275,-71,-7
29,12,2018,2274,-74,-5
28,12,2018,2273,-71,-5
27,12,2018,2272,-73,-4
26,12,2018,2271,-70,-7
25,12,2018,2270,-75,-5
24,12,2018,2269,-75,-4
23,12,2018,2268,-74,-10
22,12,2018,2267,-73,-5
21,12,2018,2266,-71,-7
20,12,2018,2265,-71,-5
19,12,2018,2264,-71,-6
18,12,2018,2263,-74,-7
16,12,2018,2261,-70,-7
13,12,2018,2258,-70,-6
12,12,2018,2257,-72,-4
11,12,2018,2256,-70,-11
10,12,2018,2255,-71,-11
09,12,2018,2254,-71,-13
08,12,2018,2253,-70,-15
07,12,2018,2252,-72,-15
05,12,2018,2251,-74,-15
04,12,2018,2250,-70,-14
03,12,2018,2249,-70,-4
02,12,2018,2248,-71,1
01,12,2018,2247,-70,-4
30,11,2018,2246,-71,2
29,11,2018,2245,-70,-7
28,11,2018,2244,-70,-5
27,11,2018,2243,-70,-3
26,11,2018,2242,-70,-2
25,11,2018,2241,-70,-2
24,11,2018,2240,-70,0
23,11,2018,2239,-70,-2
22,11,2018,2238,-69,-2
21,11,2018,2237,-70,-3
20,11,2018,2236,-71,-3
19,11,2018,2235,-70,2
18,11,2018,2234,-70,2
17,11,2018,2233,-72,-4
16,11,2018,2232,-73,-3
15,11,2018,2231,-73,-10
14,11,2018,2230,-72,-5
13,11,2018,2229,-71,-2
12,11,2018,2228,-71,0
11,11,2018,2227,-72,-3
10,11,2018,2226,-73,-4
09,11,2018,2225,-71,1
08,11,2018,2224,-72,0
07,11,2018,2223,-71,2
06,11,2018,2222,-70,-3
05,11,2018,2221,-70,-4
04,11,2018,2220,-73,-10
03,11,2018,2219,-71,-7
02,11,2018,2218,-71,-7
01,11,2018,2217,-71,-13
31,10,2018,2216,-69,-12
28,10,2018,2214,-73,-13
27,10,2018,2213,-70,-12
26,10,2018,2212,-71,-13
25,10,2018,2211,-71,-13
24,10,2018,2210,-74,-11
23,10,2018,2209,-73,-18
22,10,2018,2208,-75,-18
21,10,2018,2207,-72,-14
20,10,2018,2206,-74,-14
19,10,2018,2205,-70,-13
18,10,2018,2204,-56,-14
17,09,2018,2174,-68,-22
16,09,2018,2173,-65,-14
15,09,2018,2172,-73,-14
14,09,2018,2171,-65,-12
13,09,2018,2170,-68,-12
12,09,2018,2169,-70,-10
11,09,2018,2168,-69,-10
10,09,2018,2167,-73,-12
09,09,2018,2166,-72,-10
08,09,2018,2165,-70,-10
07,09,2018,2164,-68,-8
06,09,2018,2163,-70,-5
05,09,2018,2162,-69,-5
04,09,2018,2161,-68,-5
03,09,2018,2160,-68,-8
02,09,2018,2159,-68,-10
01,09,2018,2158,-67,-7
31,08,2018,2157,-67,-5
30,08,2018,2156,-71,-6
29,08,2018,2155,-76,-12
28,08,2018,2154,-73,-10
27,08,2018,2153,-68,-10
26,08,2018,2152,-69,-10
25,08,2018,2151,-66,-12
24,08,2018,2150,-68,-11
23,08,2018,2149,-68,-10
22,08,2018,2148,-67,-13
21,08,2018,2147,-68,-15
20,08,2018,2146,-67,-10
19,08,2018,2145,-66,-10
18,08,2018,2144,-67,-11
17,08,2018,2143,-71,-12
15,08,2018,2142,-71,-10
14,08,2018,2141,-66,-17
13,08,2018,2140,-70,-10
12,08,2018,2139,-70,-11
11,08,2018,2138,-68,-16
10,08,2018,2137,-66,-13
09,08,2018,2136,-66,-13
08,08,2018,2135,-66,-15
07,08,2018,2134,-65,-14
06,08,2018,2133,-65,-18
05,08,2018,2132,-69,-16
04,08,2018,2131,-67,-21
03,08,2018,2130,-62,-18
02,08,2018,2129,-66,-21
01,08,2018,2128,-65,-20
31,07,2018,2127,-69,-18
30,07,2018,2126,-63,-18
29,07,2018,2125,-66,-17
28,07,2018,2124,-67,-17
27,07,2018,2123,-68,-18
26,07,2018,2122,-63,-14
25,07,2018,2121,-62,-18
24,07,2018,2120,-67,-16
23,07,2018,2119,-69,-16
22,07,2018,2118,-68,-19
21,07,2018,2117,-64,-19
20,07,2018,2116,-62,-21
19,07,2018,2115,-61,-21
18,07,2018,2114,-61,-19
17,07,2018,2113,-62,-20
16,07,2018,2112,-63,-20
15,07,2018,2111,-67,-20
14,07,2018,2110,-59,-20
13,07,2018,2109,-66,-22
12,07,2018,2108,-65,-24
11,07,2018,2107,-65,-21
09,07,2018,2106,-63,-27
08,07,2018,2105,-61,-25
07,07,2018,2104,-59,-23
06,07,2018,2103,-58,-26
05,07,2018,2102,-60,-22
04,07,2018,2101,-61,-23
03,07,2018,2100,-61,-29
02,07,2018,2099,-61,-25
01,07,2018,2098,-61,-23
30,06,2018,2097,-60,-23
29,06,2018,2096,-63,-22
28,06,2018,2095,-61,-25
27,06,2018,2094,-61,-27
26,06,2018,2093,-63,-24
25,06,2018,2092,-67,-24
24,06,2018,2091,-63,-22
23,06,2018,2090,-61,-23
22,06,2018,2089,-59,-26
21,06,2018,2088,-58,-24
20,06,2018,2087,-59,-28
19,06,2018,2086,-57,-25
18,06,2018,2085,-57,-24
17,06,2018,2084,-65,-21
16,06,2018,2083,-63,-14
15,06,2018,2082,-64,-15
14,06,2018,2081,-69,-3
13,06,2018,2080,-67,2
12,06,2018,2079,-68,2
11,06,2018,2078,-73,1
10,06,2018,2077,-69,0
09,06,2018,2076,-71,3
08,06,2018,2075,-69,3
07,06,2018,2074,-70,6
06,06,2018,2073,-74,7
05,06,2018,2072,-71,6
04,06,2018,2071,-71,4
02,06,2018,2070,-70,3
01,06,2018,2069,-71,4
31,05,2018,2068,-69,4
30,05,2018,2067,-74,3
29,05,2018,2066,-72,2
28,05,2018,2065,-71,2
27,05,2018,2064,-71,4
26,05,2018,2063,-71,3
25,05,2018,2062,-72,2
24,05,2018,2061,-72,5
23,05,2018,2060,-73,4
22,05,2018,2059,-72,4
21,05,2018,2058,-71,4
20,05,2018,2057,-73,2
19,05,2018,2056,-74,5
18,05,2018,2055,-72,2
17,05,2018,2054,-72,4
16,05,2018,2053,-71,3
15,05,2018,2052,-72,0
14,05,2018,2051,-71,1
13,05,2018,2050,-71,1
12,05,2018,2049,-72,3
11,05,2018,2048,-73,2
10,05,2018,2047,-71,3
09,05,2018,2046,-72,-7
08,05,2018,2045,-74,-7
07,05,2018,2044,-75,-8
06,05,2018,2043,-71,-7
05,05,2018,2042,-72,-7
04,05,2018,2041,-71,-9
03,05,2018,2040,-74,-9
02,05,2018,2039,-74,0
01,05,2018,2038,-74,-3
30,04,2018,2037,-75,-2
29,04,2018,2036,-72,-5
28,04,2018,2035,-72,-5
27,04,2018,2034,-70,-7
25,04,2018,2033,-72,-10
24,04,2018,2032,-72,-5
23,04,2018,2031,-72,-6
22,04,2018,2030,-73,-4
21,04,2018,2029,-72,-11
20,04,2018,2028,-73,-11
19,04,2018,2027,-74,-12
18,04,2018,2026,-73,-6
17,04,2018,2025,-73,-4
16,04,2018,2024,-76,-7
15,04,2018,2023,-72,-7
14,04,2018,2022,-73,-4
13,04,2018,2021,-74,-9
12,04,2018,2020,-72,-7
11,04,2018,2019,-75,-6
10,04,2018,2018,-75,-3
09,04,2018,2017,-75,-6
08,04,2018,2016,-73,-9
07,04,2018,2015,-74,-3
06,04,2018,2014,-72,-5
05,04,2018,2013,-72,-2
04,04,2018,2012,-74,-7
03,04,2018,2011,-73,-10
02,04,2018,2010,-73,-10
01,04,2018,2009,-74,-9
31,03,2018,2008,-74,-9
30,03,2018,2007,-73,-9
29,03,2018,2006,-74,-7
28,03,2018,2005,-75,-11
27,03,2018,2004,-74,-8
26,03,2018,2003,-74,-6
25,03,2018,2002,-75,-10
24,03,2018,2001,-75,-8
23,03,2018,2000,-76,-7
22,03,2018,1999,-72,-10
21,03,2018,1998,-72,-5
19,03,2018,1997,-74,-11
18,03,2018,1996,-76,-11
17,03,2018,1995,-73,-6
16,03,2018,1994,-75,-6
15,03,2018,1993,-75,-14
14,03,2018,1992,-76,-9
13,03,2018,1991,-74,-8
12,03,2018,1990,-74,-6
11,03,2018,1989,-75,-6
10,03,2018,1988,-73,-10
09,03,2018,1987,-76,-11
08,03,2018,1986,-74,-9
07,03,2018,1985,-77,-6
06,03,2018,1984,-77,-11
05,03,2018,1983,-76,-8
04,03,2018,1982,-77,-7
03,03,2018,1981,-75,-10
02,03,2018,1980,-77,-11
01,03,2018,1979,-76,-14
28,02,2018,1978,-78,-14
27,02,2018,1977,-77,-10
26,02,2018,1976,-77,-10
25,02,2018,1975,-76,-16
24,02,2018,1974,-77,-13
23,02,2018,1973,-78,-18
22,02,2018,1972,-78,-14
21,02,2018,1971,-78,-13
20,02,2018,1970,-77,-16
19,02,2018,1969,-76,-16
18,02,2018,1968,-76,-19
17,02,2018,1967,-76,-15
16,02,2018,1966,-77,-18
15,02,2018,1965,-76,-12
14,02,2018,1964,-76,-16
13,02,2018,1963,-77,-14
12,02,2018,1962,-78,-14
11,02,2018,1961,-77,-21
09,02,2018,1960,-78,-14
08,02,2018,1959,-78,-15
07,02,2018,1958,-77,-14
06,02,2018,1957,-77,-21
05,02,2018,1956,-79,-14
04,02,2018,1955,-77,-21
03,02,2018,1954,-77,-17
02,02,2018,1953,-78,-22
01,02,2018,1952,-80,-25
31,01,2018,1951,-77,-23
30,01,2018,1950,-79,-15
29,01,2018,1949,-78,-20
28,01,2018,1948,-78,-18
27,01,2018,1947,-78,-19
26,01,2018,1946,-79,-20
25,01,2018,1945,-78,-22
24,01,2018,1944,-80,-21
23,01,2018,1943,-78,-28
22,01,2018,1942,-78,-27
21,01,2018,1941,-77,-20
20,01,2018,1940,-77,-19
19,01,2018,1939,-78,-20
18,01,2018,1938,-78,-24
17,01,2018,1937,-80,-22
16,01,2018,1936,-79,-20
15,01,2018,1935,-80,-21
14,01,2018,1934,-79,-21
13,01,2018,1933,-78,-23
12,01,2018,1932,-79,-24
11,01,2018,1931,-79,-22
10,01,2018,1930,-79,-24
09,01,2018,1929,-79,-26
08,01,2018,1928,-78,-24
07,01,2018,1927,-79,-24
06,01,2018,1926,-80,-24
05,01,2018,1925,-79,-19
03,01,2018,1924,-78,-21
02,01,2018,1923,-77,-23
01,01,2018,1922,-79,-24
31,12,2017,1921,-78,-19
30,12,2017,1920,-77,-25
29,12,2017,1919,-77,-26
28,12,2017,1918,-77,-18
27,12,2017,1917,-80,-19
26,12,2017,1916,-79,-22
25,12,2017,1915,-78,-23
24,12,2017,1914,-78,-21
23,12,2017,1913,-79,-27
22,12,2017,1912,-80,-25
21,12,2017,1911,-79,-22
20,12,2017,1910,-80,-23
19,12,2017,1909,-80,-27
18,12,2017,1908,-79,-28
17,12,2017,1907,-79,-29
16,12,2017,1906,-79,-23
15,12,2017,1905,-80,-22
14,12,2017,1904,-79,-27
13,12,2017,1903,-78,-25
12,12,2017,1902,-79,-27
11,12,2017,1901,-81,-28
10,12,2017,1900,-81,-25
09,12,2017,1899,-81,-23
08,12,2017,1898,-81,-27
07,12,2017,1897,-80,-27
06,12,2017,1896,-79,-23
05,12,2017,1895,-78,-29
04,12,2017,1894,-79,-28
03,12,2017,1893,-79,-25
02,12,2017,1892,-81,-29
01,12,2017,1891,-80,-25
30,11,2017,1890,-79,-28
29,11,2017,1889,-80,-28
27,11,2017,1888,-79,-25
26,11,2017,1887,-79,-26
25,11,2017,1886,-79,-27
24,11,2017,1885,-79,-30
23,11,2017,1884,-79,-29
22,11,2017,1883,-78,-28
21,11,2017,1882,-78,-31
20,11,2017,1881,-79,-28
19,11,2017,1880,-79,-30
18,11,2017,1879,-79,-31
17,11,2017,1878,-79,-29
16,11,2017,1877,-79,-30
15,11,2017,1876,-79,-29
14,11,2017,1875,-79,-23
13,11,2017,1874,-80,-29
12,11,2017,1873,-79,-25
11,11,2017,1872,-79,-29
10,11,2017,1871,-80,-30
09,11,2017,1870,-81,-29
08,11,2017,1869,-81,-24
07,11,2017,1868,-80,-24
06,11,2017,1867,-78,-24
05,11,2017,1866,-80,-28
04,11,2017,1865,-80,-31
03,11,2017,1864,-82,-22
02,11,2017,1863,-80,-30
01,11,2017,1862,-81,-30
31,10,2017,1861,-79,-29
30,10,2017,1860,-80,-31
29,10,2017,1859,-79,-30
28,10,2017,1858,-81,-28
27,10,2017,1857,-80,-30
26,10,2017,1856,-80,-28
25,10,2017,1855,-78,-32
24,10,2017,1854,-80,-26
23,10,2017,1853,-80,-32
22,10,2017,1852,-80,-31
20,10,2017,1851,-87,-30
19,10,2017,1850,-80,-30
18,10,2017,1849,-80,-24
17,10,2017,1848,-80,-28
16,10,2017,1847,-80,-30
15,10,2017,1846,-80,-30
14,10,2017,1845,-80,-29
13,10,2017,1844,-81,-28
12,10,2017,1843,-80,-29
11,10,2017,1842,-79,-27
10,10,2017,1841,-77,-32
09,10,2017,1840,-77,-29
08,10,2017,1839,-80,-30
07,10,2017,1838,-79,-27
06,10,2017,1837,-81,-28
05,10,2017,1836,-81,-29
04,10,2017,1835,-80,-31
03,10,2017,1834,-80,-25
02,10,2017,1833,-81,-30
01,10,2017,1832,-84,-30
30,09,2017,1831,-80,-26
29,09,2017,1830,-80,-23
28,09,2017,1829,-78,-29
27,09,2017,1828,-80,-27
26,09,2017,1827,-80,-28
25,09,2017,1826,-80,-26
24,09,2017,1825,-80,-27
23,09,2017,1824,-80,-28
22,09,2017,1823,-80,-28
21,09,2017,1822,-78,-27
20,09,2017,1821,-81,-29
19,09,2017,1820,-79,-29
18,09,2017,1819,-82,-28
17,09,2017,1818,-81,-25
16,09,2017,1817,-80,-29
15,09,2017,1816,-82,-30
13,09,2017,1815,-81,-29
12,09,2017,1814,-80,-26
11,09,2017,1813,-80,-27
10,09,2017,1812,-79,-23
09,09,2017,1811,-79,-25
08,09,2017,1810,-78,-25
07,09,2017,1809,-80,-25
06,09,2017,1808,-79,-26
05,09,2017,1807,-78,-23
04,09,2017,1806,-80,-25
03,09,2017,1805,-78,-27
02,09,2017,1804,-78,-29
01,09,2017,1803,-78,-25
31,08,2017,1802,-79,-26
30,08,2017,1801,-80,-21
29,08,2017,1800,-80,-24
28,08,2017,1799,-78,-24
27,08,2017,1798,-79,-25
26,08,2017,1797,-79,-27
25,08,2017,1796,-80,-23
24,08,2017,1795,-81,-19
23,08,2017,1794,-80,-25
22,08,2017,1793,-80,-22
21,08,2017,1792,-80,-27
20,08,2017,1791,-79,-23
19,08,2017,1790,-81,-22
18,08,2017,1789,-79,-19
17,08,2017,1788,-79,-21
16,08,2017,1787,-79,-26
14,08,2017,1785,-77,-20
13,08,2017,1784,-80,-22
12,08,2017,1783,-79,-23
11,08,2017,1782,-78,-22
10,08,2017,1781,-78,-22
09,08,2017,1780,-77,-20
07,08,2017,1779,-78,-23
06,08,2017,1778,-81,-23
05,08,2017,1777,-79,-22
04,08,2017,1776,-79,-24
03,08,2017,1775,-80,-22
02,08,2017,1774,-79,-18
01,08,2017,1773,-78,-22
31,07,2017,1772,-78,-20
30,07,2017,1771,-79,-22
29,07,2017,1770,-79,-19
28,07,2017,1769,-76,-23
27,07,2017,1768,-78,-22
26,07,2017,1767,-77,-22
25,07,2017,1766,-79,-17
24,07,2017,1765,-77,-20
23,07,2017,1764,-79,-18
22,07,2017,1763,-78,-20
21,07,2017,1762,-77,-20
20,07,2017,1761,-77,-20
19,07,2017,1760,-78,-18
18,07,2017,1759,-77,-20
17,07,2017,1758,-78,-20
16,07,2017,1757,-78,-21
15,07,2017,1756,-78,-23
14,07,2017,1755,-77,-22
13,07,2017,1754,-78,-20
12,07,2017,1753,-76,-16
11,07,2017,1752,-80,-16
10,07,2017,1751,-78,-23
09,07,2017,1750,-77,-17
08,07,2017,1749,-76,-21
07,07,2017,1748,-79,-19
06,07,2017,1747,-79,-16
05,07,2017,1746,-76,-16
04,07,2017,1745,-78,-19
03,07,2017,1744,-78,-22
02,07,2017,1743,-78,-21
30,06,2017,1742,-77,-12
29,06,2017,1741,-78,-18
28,06,2017,1740,-78,-21
27,06,2017,1739,-77,-22
26,06,2017,1738,-78,-22
25,06,2017,1737,-78,-19
24,06,2017,1736,-77,-16
23,06,2017,1735,-78,-13
22,06,2017,1734,-78,-22
21,06,2017,1733,-77,-21
20,06,2017,1732,-78,-24
19,06,2017,1731,-78,-24
18,06,2017,1730,-77,-20
17,06,2017,1729,-76,-19
16,06,2017,1728,-76,-16
15,06,2017,1727,-75,-13
14,06,2017,1726,-76,-17
13,06,2017,1725,-79,-18
12,06,2017,1724,-77,-21
11,06,2017,1723,-76,-16
10,06,2017,1722,-77,-13
09,06,2017,1721,-76,-16
08,06,2017,1720,-76,-17
07,06,2017,1719,-77,-19
06,06,2017,1718,-77,-16
05,06,2017,1717,-76,-12
04,06,2017,1716,-76,-10
03,06,2017,1715,-77,-10
02,06,2017,1714,-77,-13
01,06,2017,1713,-75,-10
31,05,2017,1712,-77,-11
30,05,2017,1711,-75,-13
29,05,2017,1710,-76,-12
28,05,2017,1709,-76,-14
27,05,2017,1708,-76,-13
26,05,2017,1707,-77,-12
24,05,2017,1706,-77,-17
23,05,2017,1705,-76,-11
22,05,2017,1704,-77,-14
21,05,2017,1703,-76,-12
20,05,2017,1702,-75,-12
19,05,2017,1701,-76,-12
18,05,2017,1700,-76,-14
17,05,2017,1699,-76,-12
16,05,2017,1698,-77,-12
15,05,2017,1697,-77,-15
14,05,2017,1696,-75,-17
13,05,2017,1695,-77,-13
12,05,2017,1694,-76,-12
11,05,2017,1693,-76,-12
10,05,2017,1692,-62,-11
08,05,2017,1690,-76,-14
07,05,2017,1689,-75,-10
06,05,2017,1688,-76,-13
05,05,2017,1687,-75,-11
04,05,2017,1686,-75,-13
03,05,2017,1685,-77,-14
02,05,2017,1684,-75,-14
01,05,2017,1683,-75,-15
30,04,2017,1682,-76,-13
29,04,2017,1681,-74,-12
28,04,2017,1680,-74,-11
27,04,2017,1679,-75,-12
26,04,2017,1678,-74,-11
25,04,2017,1677,-74,-8
24,04,2017,1676,-76,-11
23,04,2017,1675,-75,-6
22,04,2017,1674,-75,-6
21,04,2017,1673,-75,-6
20,04,2017,1672,-74,-5
19,04,2017,1671,-76,-7
18,04,2017,1670,-76,-12
16,04,2017,1669,-74,-12
15,04,2017,1668,-77,-4
14,04,2017,1667,-76,-9
13,04,2017,1666,-76,-8
12,04,2017,1665,-76,-7
11,04,2017,1664,-74,-8
10,04,2017,1663,-74,-6
09,04,2017,1662,-75,-3
08,04,2017,1661,-75,-5
07,04,2017,1660,-74,-5
06,04,2017,1659,-77,-7
05,04,2017,1658,-77,-8
04,04,2017,1657,-75,-9
03,04,2017,1656,-75,-3
02,04,2017,1655,-76,-14
01,04,2017,1654,-75,-17
31,03,2017,1653,-75,-15
30,03,2017,1652,-76,-15
29,03,2017,1651,-77,-8
28,03,2017,1650,-75,-8
27,03,2017,1649,-74,-8
26,03,2017,1648,-73,-14
25,03,2017,1647,-73,-3
24,03,2017,1646,-74,-8
23,03,2017,1645,-74,-3
22,03,2017,1644,-74,-10
21,03,2017,1643,-74,-11
20,03,2017,1642,-72,-13
19,03,2017,1641,-72,-6
18,03,2017,1640,-72,-8
17,03,2017,1639,-71,-6
16,03,2017,1638,-73,-9
15,03,2017,1637,-73,-10
14,03,2017,1636,-72,-14
13,03,2017,1635,-73,-7
12,03,2017,1634,-72,-5
10,03,2017,1633,-75,-4
09,03,2017,1632,-72,-4
08,03,2017,1631,-77,-6
07,03,2017,1630,-77,-6
06,03,2017,1629,-74,-8
05,03,2017,1628,-71,-8
04,03,2017,1627,-72,-9
03,03,2017,1626,-71,-11
02,03,2017,1625,-71,-8
01,03,2017,1624,-72,-8
28,02,2017,1623,-71,-10
27,02,2017,1622,-71,-9
26,02,2017,1621,-73,-13
25,02,2017,1620,-70,-9
24,02,2017,1619,-73,-8
23,02,2017,1618,-71,-7
22,02,2017,1617,-72,-8
21,02,2017,1616,-73,-8
20,02,2017,1615,-73,-5
19,02,2017,1614,-73,-8
18,02,2017,1613,-72,-2
17,02,2017,1612,None,None
16,02,2017,1611,None,None
15,02,2017,1610,None,None
14,02,2017,1609,-71,-7
13,02,2017,1608,-72,-8
12,02,2017,1607,-77,-12
11,02,2017,1606,-75,-10
10,02,2017,1605,-73,-13
09,02,2017,1604,-77,-11
08,02,2017,1603,-76,-5
07,02,2017,1602,-77,-5
06,02,2017,1601,-71,-2
05,02,2017,1600,-71,-7
04,02,2017,1599,-72,-7
03,02,2017,1598,-70,-4
01,02,2017,1597,-73,-8
31,01,2017,1596,-74,-6
30,01,2017,1595,-71,-7
29,01,2017,1594,-74,-6
28,01,2017,1593,-72,-1
27,01,2017,1592,-71,0
26,01,2017,1591,-73,-1
25,01,2017,1590,-76,-1
24,01,2017,1589,-72,-2
23,01,2017,1588,-72,0
22,01,2017,1587,-73,-1
21,01,2017,1586,-72,-1
20,01,2017,1585,-76,-2
19,01,2017,1584,-77,-2
18,01,2017,1583,-75,-4
17,01,2017,1582,-74,-1
16,01,2017,1581,-72,-1
15,01,2017,1580,-72,-2
14,01,2017,1579,-73,-3
13,01,2017,1578,-74,-5
12,01,2017,1577,-72,-3
11,01,2017,1576,-72,-1
10,01,2017,1575,-73,0
09,01,2017,1574,-72,4
08,01,2017,1573,-74,-2
07,01,2017,1572,-81,-6
06,01,2017,1571,-70,-3
05,01,2017,1570,-71,-6
04,01,2017,1569,-70,-4
03,01,2017,1568,-71,-5
02,01,2017,1567,-70,-5
01,01,2017,1566,-76,-6
31,12,2016,1565,-72,-6
30,12,2016,1564,-70,-7
29,12,2016,1563,-75,-6
28,12,2016,1562,-73,-5
27,12,2016,1561,-77,-8
25,12,2016,1560,-76,-10
24,12,2016,1559,-76,-7
23,12,2016,1558,-72,-6
22,12,2016,1557,-70,-6
21,12,2016,1556,-72,-5
20,12,2016,1555,-71,-6
19,12,2016,1554,-70,-7
18,12,2016,1553,-77,-9
17,12,2016,1552,-74,-6
16,12,2016,1551,-71,0
15,12,2016,1550,-71,-1
14,12,2016,1549,-76,-2
13,12,2016,1548,-76,-8
12,12,2016,1547,-75,-8
11,12,2016,1546,-73,-7
10,12,2016,1545,-73,3
09,12,2016,1544,-71,1
08,12,2016,1543,-74,-7
07,12,2016,1542,-73,-9
06,12,2016,1541,-76,-8
05,12,2016,1540,-72,-3
04,12,2016,1539,-74,-1
03,12,2016,1538,-73,-3
02,12,2016,1537,-74,-7
01,12,2016,1536,-71,-4
30,11,2016,1535,-73,-1
29,11,2016,1534,-73,-2
28,11,2016,1533,-72,-4
27,11,2016,1532,-72,-3
26,11,2016,1531,-76,-10
25,11,2016,1530,-71,-4
24,11,2016,1529,-73,3
23,11,2016,1528,-72,-4
22,11,2016,1527,-71,-6
21,11,2016,1526,-72,-2
20,11,2016,1525,-74,-2
18,11,2016,1524,-76,-4
17,11,2016,1523,-77,-10
16,11,2016,1522,-71,-2
15,11,2016,1521,-71,-1
14,11,2016,1520,-73,-2
13,11,2016,1519,-72,5
12,11,2016,1518,-78,-8
11,11,2016,1517,-76,2
10,11,2016,1516,-71,4
09,11,2016,1515,-76,3
08,11,2016,1514,-73,0
07,11,2016,1513,-74,-1
06,11,2016,1512,-78,0
05,11,2016,1511,-77,0
04,11,2016,1510,-70,2
03,11,2016,1509,-70,3
02,11,2016,1508,-70,-2
01,11,2016,1507,-70,-3
31,10,2016,1506,-71,-1
30,10,2016,1505,-69,2
29,10,2016,1504,-69,-1
28,10,2016,1503,-70,3
27,10,2016,1502,-69,0
26,10,2016,1501,-69,3
25,10,2016,1500,-70,-4
24,10,2016,1499,-69,-2
23,10,2016,1498,-68,-9
22,10,2016,1497,-68,-5
21,10,2016,1496,-72,-8
20,10,2016,1495,-71,-7
19,10,2016,1494,-70,-8
18,10,2016,1493,-70,-11
17,10,2016,1492,-68,-10
16,10,2016,1491,-69,-8
15,10,2016,1490,-66,-10
14,10,2016,1489,-68,-8
12,10,2016,1488,-69,-6
11,10,2016,1487,-68,-5
10,10,2016,1486,-71,-1
09,10,2016,1485,-71,3
08,10,2016,1484,-68,4
07,10,2016,1483,-68,1
06,10,2016,1482,-68,2
05,10,2016,1481,-70,1
04,10,2016,1480,-68,1
03,10,2016,1479,-66,3
02,10,2016,1478,-68,1
01,10,2016,1477,-72,0
30,09,2016,1476,-69,2
29,09,2016,1475,-72,2
28,09,2016,1474,-68,2
27,09,2016,1473,-67,4
26,09,2016,1472,-68,5
25,09,2016,1471,-71,4
24,09,2016,1470,-70,1
23,09,2016,1469,-72,1
22,09,2016,1468,-70,5
21,09,2016,1467,-69,-4
20,09,2016,1466,-67,-6
19,09,2016,1465,-68,-3
18,09,2016,1464,-71,-6
17,09,2016,1463,-68,-1
16,09,2016,1462,-68,-5
15,09,2016,1461,-69,-7
14,09,2016,1460,-70,-4
13,09,2016,1459,-71,-2
12,09,2016,1458,-69,-1
11,09,2016,1457,-69,-5
10,09,2016,1456,-69,-1
09,09,2016,1455,-70,-4
08,09,2016,1454,-69,3
07,09,2016,1453,-73,5
06,09,2016,1452,-74,5
04,09,2016,1451,-71,5
03,09,2016,1450,-69,5
02,09,2016,1449,-71,5
01,09,2016,1448,-69,5
31,08,2016,1447,-74,4
30,08,2016,1446,-70,6
29,08,2016,1445,-69,1
28,08,2016,1444,-69,8
27,08,2016,1443,-69,7
26,08,2016,1442,-68,0
25,08,2016,1441,-74,10
24,08,2016,1440,-70,4
23,08,2016,1439,-71,5
22,08,2016,1438,-68,11
21,08,2016,1437,-71,7
20,08,2016,1436,-72,4
19,08,2016,1435,-71,4
18,08,2016,1434,-70,0
17,08,2016,1433,-70,6
16,08,2016,1432,-71,7
15,08,2016,1431,-69,7
14,08,2016,1430,-69,5
13,08,2016,1429,-70,4
12,08,2016,1428,-72,4
11,08,2016,1427,-72,8
10,08,2016,1426,-71,-6
09,08,2016,1425,-72,-8
08,08,2016,1424,-72,-8
07,08,2016,1423,-71,-9
06,08,2016,1422,-72,-9
05,08,2016,1421,-72,-9
04,08,2016,1420,-71,-8
03,08,2016,1419,-73,-7
02,08,2016,1418,-73,-9
01,08,2016,1417,-70,-8
31,07,2016,1416,-72,5
29,07,2016,1415,-72,8
28,07,2016,1414,-73,7
27,07,2016,1413,-72,5
26,07,2016,1412,-78,4
25,07,2016,1411,-72,6
24,07,2016,1410,-72,7
23,07,2016,1409,-74,-9
22,07,2016,1408,-75,-10
21,07,2016,1407,-74,-9
20,07,2016,1406,-76,-9
19,07,2016,1405,-75,-2
18,07,2016,1404,-75,-10
17,07,2016,1403,-75,-9
16,07,2016,1402,-75,-11
15,07,2016,1401,-73,-4
14,07,2016,1400,-73,3
13,07,2016,1399,-73,1
12,07,2016,1398,-66,3
02,07,2016,1388,-73,4
01,07,2016,1387,-74,2
30,06,2016,1386,-74,-1
29,06,2016,1385,-75,-3
28,06,2016,1384,-74,2
27,06,2016,1383,-73,3
26,06,2016,1382,-76,-4
25,06,2016,1381,-73,-8
24,06,2016,1380,-74,-7
23,06,2016,1379,-77,-7
21,06,2016,1378,-76,1
20,06,2016,1377,-76,1
19,06,2016,1376,-75,0
18,06,2016,1375,-73,-2
17,06,2016,1374,-75,-5
16,06,2016,1373,-74,-3
15,06,2016,1372,-74,-4
14,06,2016,1371,-75,-2
13,06,2016,1370,-74,-1
12,06,2016,1369,-73,1
11,06,2016,1368,-74,-16
10,06,2016,1367,-74,-14
09,06,2016,1366,-75,-15
08,06,2016,1365,-74,-15
07,06,2016,1364,-74,-16
06,06,2016,1363,-75,-14
05,06,2016,1362,-74,-17
04,06,2016,1361,-75,-16
03,06,2016,1360,-76,-16
02,06,2016,1359,-76,-13
01,06,2016,1358,-74,-16
31,05,2016,1357,-72,-16
30,05,2016,1356,-74,-5
29,05,2016,1355,-75,-11
28,05,2016,1354,-75,-5
27,05,2016,1353,-76,-6
26,05,2016,1352,-73,-6
25,05,2016,1351,-72,-12
24,05,2016,1350,-73,-9
23,05,2016,1349,-73,-9
22,05,2016,1348,-76,-15
21,05,2016,1347,-75,-16
20,05,2016,1346,-75,-16
19,05,2016,1345,-75,-19
18,05,2016,1344,-75,-14
17,05,2016,1343,-74,-8
15,05,2016,1342,-80,-7
14,05,2016,1341,-76,-9
13,05,2016,1340,-76,-15
12,05,2016,1339,-77,-18
11,05,2016,1338,-75,-18
10,05,2016,1337,-76,-13
09,05,2016,1336,-75,-12
08,05,2016,1335,-77,-10
07,05,2016,1334,-77,-12
06,05,2016,1333,-76,-18
05,05,2016,1332,-78,-11
04,05,2016,1331,-76,-19
03,05,2016,1330,-78,-14
02,05,2016,1329,-74,-15
01,05,2016,1328,-77,-12
30,04,2016,1327,-76,-11
29,04,2016,1326,-77,-15
28,04,2016,1325,-78,-14
27,04,2016,1324,-78,-9
26,04,2016,1323,-77,-11
25,04,2016,1322,-78,-10
24,04,2016,1321,-77,-15
23,04,2016,1320,-77,-11
22,04,2016,1319,-78,-8
21,04,2016,1318,-80,-15
20,04,2016,1317,-80,-15
19,04,2016,1316,-80,-20
18,04,2016,1315,-77,-14
17,04,2016,1314,-78,-14
16,04,2016,1313,-77,-14
15,04,2016,1312,-77,-12
14,04,2016,1311,-78,-11
13,04,2016,1310,-76,-15
12,04,2016,1309,-81,-19
11,04,2016,1308,-81,-23
10,04,2016,1307,-80,-27
08,04,2016,1306,-79,-23
07,04,2016,1305,-80,-21
06,04,2016,1304,-80,-22
05,04,2016,1303,-78,-26
04,04,2016,1302,-80,-24
03,04,2016,1301,-78,-20
02,04,2016,1300,-79,-16
01,04,2016,1299,-80,-19
31,03,2016,1298,-79,-17
30,03,2016,1297,-80,-24
29,03,2016,1296,-79,-25
28,03,2016,1295,-79,-20
27,03,2016,1294,-79,-16
26,03,2016,1293,-81,-21
25,03,2016,1292,-81,-22
24,03,2016,1291,-80,-21
21,03,2016,1288,-80,-16
20,03,2016,1287,-80,-18
19,03,2016,1286,-80,-19
18,03,2016,1285,-80,-13
17,03,2016,1284,-80,-21
16,03,2016,1283,-82,-20
15,03,2016,1282,-81,-16
14,03,2016,1281,-83,-22
13,03,2016,1280,-84,-23
12,03,2016,1279,-83,-29
11,03,2016,1278,-83,-29
10,03,2016,1277,-84,-28
09,03,2016,1276,-83,-20
08,03,2016,1275,-82,-17
07,03,2016,1274,-82,-17
06,03,2016,1273,-79,-19
05,03,2016,1272,-81,-23
04,03,2016,1271,-84,-22
03,03,2016,1270,-82,-18
01,03,2016,1269,-83,-17
29,02,2016,1268,-83,-24
28,02,2016,1267,-83,-24
27,02,2016,1266,-82,-27
26,02,2016,1265,-81,-28
25,02,2016,1264,-84,-27
24,02,2016,1263,-84,-29
23,02,2016,1262,-81,-29
22,02,2016,1261,-81,-25
21,02,2016,1260,-83,-23
20,02,2016,1259,-84,-25
19,02,2016,1258,-83,-23
18,02,2016,1257,-84,-21
17,02,2016,1256,-84,-27
16,02,2016,1255,-84,-25
15,02,2016,1254,-84,-29
14,02,2016,1253,-85,-26
13,02,2016,1252,-85,-31
12,02,2016,1251,-85,-27
11,02,2016,1250,-85,-28
10,02,2016,1249,-85,-32
09,02,2016,1248,-86,-23
08,02,2016,1247,-85,-25
07,02,2016,1246,-85,-25
06,02,2016,1245,-86,-26
05,02,2016,1244,-85,-26
04,02,2016,1243,-86,-26
03,02,2016,1242,-87,-26
02,02,2016,1241,-87,-28
01,02,2016,1240,-87,-24
31,01,2016,1239,-89,-26
30,01,2016,1238,-87,-26
29,01,2016,1237,-88,-29
28,01,2016,1236,-87,-26
27,01,2016,1235,-88,-28
26,01,2016,1234,-88,-26
24,01,2016,1233,-88,-27
23,01,2016,1232,-88,-28
22,01,2016,1231,-88,-26
21,01,2016,1230,-88,-26
20,01,2016,1229,-88,-26
19,01,2016,1228,-88,-28
18,01,2016,1227,-88,-26
17,01,2016,1226,-87,-24
16,01,2016,1225,-87,-28
15,01,2016,1224,-88,-29
14,01,2016,1223,-88,-26
13,01,2016,1222,-87,-28
12,01,2016,1221,-87,-28
11,01,2016,1220,-87,-28
10,01,2016,1219,-87,-27
09,01,2016,1218,-86,-32
08,01,2016,1217,-88,-27
07,01,2016,1216,-86,-28
06,01,2016,1215,-85,-27
05,01,2016,1214,-85,-24
04,01,2016,1213,-84,-27
03,01,2016,1212,-86,-28
02,01,2016,1211,-83,-22
01,01,2016,1210,-85,-23
31,12,2015,1209,-85,-24
30,12,2015,1208,-85,-24
29,12,2015,1207,-85,-25
28,12,2015,1206,-85,-24
27,12,2015,1205,-86,-26
26,12,2015,1204,-84,-25
25,12,2015,1203,-85,-23
24,12,2015,1202,-85,-22
23,12,2015,1201,-85,-29
22,12,2015,1200,-84,-27
21,12,2015,1199,-86,-29
20,12,2015,1198,-86,-23
18,12,2015,1197,-85,-26
17,12,2015,1196,-86,-27
16,12,2015,1195,-86,-32
15,12,2015,1194,-84,-29
14,12,2015,1193,-84,-28
13,12,2015,1192,-86,-24
12,12,2015,1191,-87,-28
11,12,2015,1190,-87,-29
10,12,2015,1189,-87,-24
09,12,2015,1188,-90,-31
08,12,2015,1187,-84,-29
07,12,2015,1186,-86,-28
06,12,2015,1185,-84,-24
05,12,2015,1184,-85,-28
04,12,2015,1183,-86,-26
03,12,2015,1182,-85,-29
02,12,2015,1181,-86,-24
01,12,2015,1180,-86,-27
30,11,2015,1179,-85,-25
29,11,2015,1178,-86,-26
28,11,2015,1177,-84,-27
27,11,2015,1176,-84,-31
26,11,2015,1175,-85,-23
25,11,2015,1174,-85,-25
24,11,2015,1173,-87,-31
23,11,2015,1172,-87,-26
22,11,2015,1171,-87,-29
21,11,2015,1170,-85,-31
20,11,2015,1169,-89,-32
19,11,2015,1168,-84,-29
18,11,2015,1167,-84,-25
17,11,2015,1166,-84,-31
16,11,2015,1165,-84,-35
15,11,2015,1164,-86,-35
14,11,2015,1163,-86,-29
13,11,2015,1162,-84,-27
12,11,2015,1161,-83,-26
10,11,2015,1160,-80,-28
09,11,2015,1159,-82,-28
08,11,2015,1158,-82,-28
07,11,2015,1157,-82,-32
06,11,2015,1156,-84,-30
05,11,2015,1155,-84,-26
04,11,2015,1154,-84,-29
03,11,2015,1153,-82,-31
02,11,2015,1152,-80,-30
01,11,2015,1151,-82,-31
31,10,2015,1150,-82,-29
30,10,2015,1149,-81,-23
29,10,2015,1148,-80,-28
28,10,2015,1147,-80,-29
27,10,2015,1146,-82,-28
26,10,2015,1145,-82,-29
25,10,2015,1144,-82,-28
24,10,2015,1143,-82,-29
23,10,2015,1142,-82,-23
22,10,2015,1141,-82,-28
21,10,2015,1140,-81,-26
20,10,2015,1139,-80,-25
19,10,2015,1138,-82,-29
18,10,2015,1137,-81,-26
17,10,2015,1136,-82,-23
16,10,2015,1135,-81,-27
15,10,2015,1134,-80,-27
14,10,2015,1133,-82,-26
13,10,2015,1132,-82,-27
12,10,2015,1131,-81,-28
11,10,2015,1130,-81,-25
10,10,2015,1129,-80,-23
09,10,2015,1128,-79,-27
08,10,2015,1127,-80,-27
07,10,2015,1126,-79,-21
06,10,2015,1125,-79,-22
04,10,2015,1124,-80,-26
03,10,2015,1123,-79,-27
02,10,2015,1122,-79,-26
01,10,2015,1121,-81,-25
30,09,2015,1120,-80,-24
29,09,2015,1119,-81,-22
28,09,2015,1118,-80,-25
27,09,2015,1117,-79,-25
26,09,2015,1116,-79,-26
25,09,2015,1115,-80,-21
24,09,2015,1114,-79,-25
23,09,2015,1113,-79,-24
22,09,2015,1112,-80,-24
21,09,2015,1111,-79,-26
20,09,2015,1110,-81,-25
19,09,2015,1109,-82,-26
18,09,2015,1108,-78,-25
17,09,2015,1107,-79,-24
16,09,2015,1106,-82,-22
15,09,2015,1105,-78,-25
14,09,2015,1104,-79,-25
13,09,2015,1103,-81,-26
12,09,2015,1102,-84,-25
11,09,2015,1101,-80,-23
10,09,2015,1100,-79,-22
09,09,2015,1099,-78,-24
08,09,2015,1098,-77,-26
07,09,2015,1097,-78,-27
06,09,2015,1096,-79,-24
05,09,2015,1095,-79,-24
04,09,2015,1094,-80,-20
03,09,2015,1093,-77,-21
02,09,2015,1092,-79,-23
01,09,2015,1091,-77,-21
31,08,2015,1090,-78,-20
30,08,2015,1089,-76,-19
29,08,2015,1088,-77,-19
27,08,2015,1087,-78,-19
26,08,2015,1086,-77,-25
25,08,2015,1085,-79,-23
24,08,2015,1084,-78,-22
23,08,2015,1083,-80,-20
22,08,2015,1082,-79,-17
21,08,2015,1081,-77,-18
20,08,2015,1080,-77,-17
19,08,2015,1079,-80,-21
18,08,2015,1078,-80,-18
17,08,2015,1077,-79,-16
16,08,2015,1076,-81,-14
15,08,2015,1075,-77,-13
14,08,2015,1074,-77,-14
13,08,2015,1073,-82,-15
12,08,2015,1072,-78,-15
11,08,2015,1071,-78,-16
10,08,2015,1070,-80,-14
09,08,2015,1069,-77,-22
08,08,2015,1068,-76,-23
07,08,2015,1067,-79,-24
06,08,2015,1066,-78,-14
05,08,2015,1065,-78,-19
04,08,2015,1064,-77,-22
03,08,2015,1063,-79,-19
02,08,2015,1062,-77,-24
01,08,2015,1061,-77,-23
31,07,2015,1060,-78,-16
30,07,2015,1059,-78,-20
29,07,2015,1058,-78,-22
28,07,2015,1057,-78,-22
27,07,2015,1056,-76,-21
26,07,2015,1055,-77,-20
25,07,2015,1054,-77,-11
24,07,2015,1053,-79,-11
23,07,2015,1052,-78,-12
21,07,2015,1051,-76,-20
20,07,2015,1050,-76,-22
19,07,2015,1049,-75,-21
18,07,2015,1048,-78,-15
17,07,2015,1047,-77,-14
16,07,2015,1046,-77,-12
15,07,2015,1045,-80,-13
14,07,2015,1044,-79,-20
13,07,2015,1043,-77,-20
12,07,2015,1042,-76,-20
11,07,2015,1041,-77,-22
10,07,2015,1040,-77,-21
09,07,2015,1039,-77,-21
08,07,2015,1038,-76,-21
07,07,2015,1037,-80,-21
06,07,2015,1036,-76,-17
05,07,2015,1035,-77,-12
04,07,2015,1034,-76,-14
03,07,2015,1033,-77,-14
02,07,2015,1032,-74,-16
01,07,2015,1031,-76,-15
30,06,2015,1030,-77,-15
29,06,2015,1029,-75,-14
28,06,2015,1028,-75,-15
26,06,2015,1026,-78,-16
25,06,2015,1025,-74,-14
24,06,2015,1024,-76,-15
23,06,2015,1023,-76,-15
22,06,2015,1022,-75,-12
21,06,2015,1021,-76,-14
20,06,2015,1020,-63,-12
19,06,2015,1019,-81,-14
18,06,2015,1018,-79,-15
17,06,2015,1017,-78,-12
16,06,2015,1016,-76,-11
14,06,2015,1015,-75,-13
13,06,2015,1014,-77,-14
12,06,2015,1013,-80,-12
11,06,2015,1012,-81,-16
10,06,2015,1011,-78,-12
09,06,2015,1010,-74,-11
08,06,2015,1009,-75,-12
07,06,2015,1008,-79,-12
06,06,2015,1007,-79,-12
05,06,2015,1006,-78,-13
04,06,2015,1005,-75,-12
03,06,2015,1004,-74,-9
02,06,2015,1003,-74,-10
01,06,2015,1002,-77,-12
31,05,2015,1001,-79,-12
30,05,2015,1000,-74,-12
28,05,2015,998,-73,-8
27,05,2015,997,-74,-13
26,05,2015,996,-72,-4
25,05,2015,995,-74,-4
24,05,2015,994,-79,-5
23,05,2015,993,-73,-8
22,05,2015,992,-73,-6
21,05,2015,991,-73,-3
20,05,2015,990,-76,-1
19,05,2015,989,-74,-10
18,05,2015,988,-75,-10
17,05,2015,987,-74,-7
16,05,2015,986,-74,-1
15,05,2015,985,-78,-5
14,05,2015,984,-74,-6
13,05,2015,983,-76,-6
12,05,2015,982,-74,-4
11,05,2015,981,-73,-3
10,05,2015,980,-73,1
09,05,2015,979,-79,-4
07,05,2015,978,-73,-2
06,05,2015,977,-75,-4
05,05,2015,976,-75,-6
04,05,2015,975,-73,-3
03,05,2015,974,-73,-3
02,05,2015,973,-72,-4
01,05,2015,972,-73,-3
30,04,2015,971,-71,-3
29,04,2015,970,-71,-4
28,04,2015,969,-72,-2
27,04,2015,968,-71,-3
26,04,2015,967,-74,-2
25,04,2015,966,-73,-12
24,04,2015,965,-75,-10
23,04,2015,964,-72,-13
22,04,2015,963,-71,-5
21,04,2015,962,-73,-2
20,04,2015,961,-71,-3
19,04,2015,960,-76,-8
18,04,2015,959,-78,-4
17,04,2015,958,-74,-9
16,04,2015,957,None,None
13,04,2015,954,-73,-3
12,04,2015,953,-71,-5
11,04,2015,952,-69,-6
10,04,2015,951,-75,-4
09,04,2015,950,-73,0
08,04,2015,949,-72,-4
07,04,2015,948,-73,-8
06,04,2015,947,-70,-3
05,04,2015,946,-77,-2
04,04,2015,945,-72,-1
03,04,2015,944,-70,0
02,04,2015,943,-73,-1
31,03,2015,942,-74,-1
30,03,2015,941,-74,0
29,03,2015,940,-73,-2
28,03,2015,939,None,None
26,03,2015,937,-73,0
25,03,2015,936,-72,-3
24,03,2015,935,-75,-2
23,03,2015,934,-73,1
22,03,2015,933,-71,-4
21,03,2015,932,-71,1
20,03,2015,931,-69,-1
19,03,2015,930,-75,-1
18,03,2015,929,-75,0
17,03,2015,928,-72,0
16,03,2015,927,-76,-2
15,03,2015,926,-76,1
14,03,2015,925,-71,-2
13,03,2015,924,-74,-1
12,03,2015,923,-72,-5
11,03,2015,922,-73,-2
10,03,2015,921,-70,2
09,03,2015,920,-72,-2
08,03,2015,919,-74,-3
07,03,2015,918,-71,0
06,03,2015,917,-76,-1
05,03,2015,916,-71,-5
04,03,2015,915,-71,-4
03,03,2015,914,-71,0
02,03,2015,913,-71,-4
01,03,2015,912,-75,-4
28,02,2015,911,-70,0
27,02,2015,910,-73,0
26,02,2015,909,-70,-2
25,02,2015,908,-71,-3
24,02,2015,907,-75,-1
22,02,2015,906,-76,-3
21,02,2015,905,-71,-2
20,02,2015,904,-71,0
19,02,2015,903,-71,-2
18,02,2015,902,-68,0
17,02,2015,901,-71,-2
16,02,2015,900,-70,1
15,02,2015,899,-75,-1
14,02,2015,898,-72,2
13,02,2015,897,-72,5
12,02,2015,896,-70,1
11,02,2015,895,-72,-4
10,02,2015,894,-75,-4
09,02,2015,893,-72,2
08,02,2015,892,-71,-3
07,02,2015,891,-72,-3
06,02,2015,890,-72,-4
05,02,2015,889,-70,2
04,02,2015,888,-70,-5
03,02,2015,887,-73,-4
02,02,2015,886,-73,-6
01,02,2015,885,-71,-4
31,01,2015,884,-71,-5
30,01,2015,883,-74,-4
29,01,2015,882,-76,-6
28,01,2015,881,-73,-4
27,01,2015,880,None,None
19,01,2015,872,-72,1
18,01,2015,871,-70,-7
17,01,2015,870,-74,-6
15,01,2015,869,-72,-4
14,01,2015,868,-71,-4
13,01,2015,867,-71,-2
12,01,2015,866,-71,-4
11,01,2015,865,-70,-5
10,01,2015,864,-70,-1
09,01,2015,863,-72,-13
08,01,2015,862,-70,-2
07,01,2015,861,-70,-7
06,01,2015,860,-69,-8
05,01,2015,859,-72,-8
04,01,2015,858,-73,-6
03,01,2015,857,-76,0
02,01,2015,856,-68,-3
01,01,2015,855,-69,0
31,12,2014,854,-66,3
30,12,2014,853,-67,0
29,12,2014,852,-73,-3
28,12,2014,851,-68,-6
27,12,2014,850,-68,-1
26,12,2014,849,-69,-1
25,12,2014,848,-69,-4
24,12,2014,847,-69,-8
23,12,2014,846,-74,-7
22,12,2014,845,-73,0
21,12,2014,844,-68,5
20,12,2014,843,-69,1
19,12,2014,842,-69,-6
18,12,2014,841,-75,-7
17,12,2014,840,-74,-4
16,12,2014,839,-70,-1
15,12,2014,838,-69,-1
14,12,2014,837,-69,4
13,12,2014,836,-69,-1
12,12,2014,835,-69,-1
11,12,2014,834,-68,-3
09,12,2014,833,-69,-1
08,12,2014,832,-68,-2
07,12,2014,831,-68,-6
06,12,2014,830,-68,-1
05,12,2014,829,-71,-2
04,12,2014,828,-71,-1
03,12,2014,827,-68,0
02,12,2014,826,-68,0
01,12,2014,825,-67,1
30,11,2014,824,-67,2
29,11,2014,823,-69,0
28,11,2014,822,-71,1
27,11,2014,821,-68,2
26,11,2014,820,-68,-1
25,11,2014,819,-71,0
24,11,2014,818,-68,0
23,11,2014,817,-69,0
22,11,2014,816,-74,-7
21,11,2014,815,-69,-8
20,11,2014,814,-68,-3
19,11,2014,813,-67,2
18,11,2014,812,-75,3
17,11,2014,811,-71,-6
16,11,2014,810,-69,3
15,11,2014,809,-70,-2
14,11,2014,808,-67,7
13,11,2014,807,-71,1
12,11,2014,806,-69,2
11,11,2014,805,-70,1
10,11,2014,804,-73,0
09,11,2014,803,-69,0
08,11,2014,802,-69,7
07,11,2014,801,-70,3
06,11,2014,800,-67,-2
05,11,2014,799,-70,-4
04,11,2014,798,-67,0
03,11,2014,797,-65,-1
01,11,2014,796,-65,1
31,10,2014,795,-68,1
30,10,2014,794,-68,-5
29,10,2014,793,-71,0
28,10,2014,792,-71,0
27,10,2014,791,-70,0
26,10,2014,790,-68,2
25,10,2014,789,-68,-4
24,10,2014,788,-68,-5
23,10,2014,787,-73,-7
22,10,2014,786,-74,-4
21,10,2014,785,-74,-1
20,10,2014,784,-69,-4
19,10,2014,783,-69,6
18,10,2014,782,-71,9
17,10,2014,781,-74,-5
16,10,2014,780,-72,0
15,10,2014,779,-71,6
14,10,2014,778,-70,6
13,10,2014,777,-72,8
12,10,2014,776,-72,5
11,10,2014,775,-71,3
10,10,2014,774,-73,1
09,10,2014,773,-70,8
08,10,2014,772,-71,8
07,10,2014,771,-71,9
06,10,2014,770,-70,2
05,10,2014,769,-73,4
04,10,2014,768,-73,2
03,10,2014,767,-71,9
02,10,2014,766,-70,8
01,10,2014,765,-73,5
30,09,2014,764,-73,4
29,09,2014,763,-78,6
28,09,2014,762,-75,7
27,09,2014,761,-72,7
25,09,2014,760,-70,11
24,09,2014,759,-77,8
23,09,2014,758,-71,3
22,09,2014,757,-73,5
21,09,2014,756,-73,3
20,09,2014,755,-74,2
19,09,2014,754,-73,6
18,09,2014,753,-73,8
17,09,2014,752,-71,-3
16,09,2014,751,-72,-6
15,09,2014,750,-72,4
14,09,2014,749,-73,3
13,09,2014,748,-71,5
12,09,2014,747,-73,6
11,09,2014,746,-76,2
10,09,2014,745,-74,1
09,09,2014,744,-75,-2
08,09,2014,743,-72,0
07,09,2014,742,-72,0
06,09,2014,741,-70,-1
05,09,2014,740,-76,-2
04,09,2014,739,-77,-1
03,09,2014,738,-75,0
02,09,2014,737,-74,3
01,09,2014,736,-76,0
31,08,2014,735,-73,1
30,08,2014,734,-73,-3
29,08,2014,733,-74,-2
28,08,2014,732,-75,-8
27,08,2014,731,-75,-4
26,08,2014,730,-76,3
25,08,2014,729,-75,3
24,08,2014,728,-74,1
23,08,2014,727,-76,1
22,08,2014,726,-75,1
21,08,2014,725,-73,-5
19,08,2014,724,-74,1
18,08,2014,723,-73,2
17,08,2014,722,-74,1
16,08,2014,721,-73,-5
15,08,2014,720,-74,-1
14,08,2014,719,-77,-1
13,08,2014,718,-77,3
12,08,2014,717,-76,5
11,08,2014,716,-75,2
10,08,2014,715,-73,2
09,08,2014,714,-76,2
08,08,2014,713,-76,-12
07,08,2014,712,-77,-10
06,08,2014,711,-75,-11
05,08,2014,710,-77,-12
04,08,2014,709,-73,-11
03,08,2014,708,-76,1
02,08,2014,707,-76,1
01,08,2014,706,-76,0
31,07,2014,705,-76,-9
30,07,2014,704,-75,-5
29,07,2014,703,-75,-6
28,07,2014,702,-76,-2
27,07,2014,701,-77,-1
26,07,2014,700,-75,-2
25,07,2014,699,-76,-2
24,07,2014,698,-77,-3
23,07,2014,697,-74,-4
22,07,2014,696,-75,-2
21,07,2014,695,-76,-1
20,07,2014,694,-75,-1
19,07,2014,693,-76,-2
18,07,2014,692,-76,-4
17,07,2014,691,-76,-8
16,07,2014,690,-77,-7
15,07,2014,689,-76,-6
14,07,2014,688,-77,-5
12,07,2014,687,-77,-2
11,07,2014,686,-76,-4
10,07,2014,685,-77,-2
09,07,2014,684,-75,-9
08,07,2014,683,-79,-7
07,07,2014,682,-77,-16
06,07,2014,681,-79,-17
05,07,2014,680,-76,-15
04,07,2014,679,-77,-13
03,07,2014,678,-77,-17
02,07,2014,677,-78,-12
01,07,2014,676,-80,-17
30,06,2014,675,-80,-12
29,06,2014,674,-80,-17
28,06,2014,673,-78,-16
27,06,2014,672,-78,-16
26,06,2014,671,-79,-15
25,06,2014,670,-79,-7
24,06,2014,669,-84,-4
23,06,2014,668,-75,-4
22,06,2014,667,-76,-7
21,06,2014,666,-77,-7
20,06,2014,665,-78,-4
19,06,2014,664,-78,-8
18,06,2014,663,-77,-10
17,06,2014,662,-77,-11
16,06,2014,661,-76,-10
15,06,2014,660,-78,-12
14,06,2014,659,-77,-14
13,06,2014,658,-79,-10
12,06,2014,657,-79,-6
11,06,2014,656,-80,-13
10,06,2014,655,-77,-14
09,06,2014,654,-79,-8
08,06,2014,653,-80,-13
07,06,2014,652,-79,-12
05,06,2014,651,-80,-8
04,06,2014,650,-80,-11
03,06,2014,649,-79,-14
02,06,2014,648,-80,-20
01,06,2014,647,-79,-19
31,05,2014,646,-81,-16
30,05,2014,645,-81,-8
29,05,2014,644,-80,-10
28,05,2014,643,-80,-14
27,05,2014,642,-80,-19
26,05,2014,641,-81,-19
25,05,2014,640,-81,-11
24,05,2014,639,-80,-16
23,05,2014,638,-80,-12
22,05,2014,637,-80,-18
21,05,2014,636,-81,-19
20,05,2014,635,-82,-10
19,05,2014,634,-82,-20
18,05,2014,633,-81,-15
17,05,2014,632,-79,-18
16,05,2014,631,-81,-18
15,05,2014,630,-82,-20
14,05,2014,629,-84,-24
13,05,2014,628,-81,-23
12,05,2014,627,-82,-19
11,05,2014,626,-82,-21
10,05,2014,625,-81,-24
09,05,2014,624,-82,-19
08,05,2014,623,-83,-21
07,05,2014,622,-84,-19
06,05,2014,621,-82,-21
05,05,2014,620,-83,-19
04,05,2014,619,-82,-22
03,05,2014,618,-83,-23
02,05,2014,617,-84,-19
01,05,2014,616,-82,-19
29,04,2014,615,-83,-23
28,04,2014,614,-82,-19
27,04,2014,613,-84,-21
26,04,2014,612,-85,-27
25,04,2014,611,-84,-23
24,04,2014,610,-85,-20
23,04,2014,609,-84,-20
22,04,2014,608,-85,-21
21,04,2014,607,-83,-28
20,04,2014,606,-84,-27
19,04,2014,605,-83,-22
18,04,2014,604,-84,-17
17,04,2014,603,-83,-15
16,04,2014,602,-82,-22
15,04,2014,601,-82,-25
14,04,2014,600,-81,-25
13,04,2014,599,-84,-20
12,04,2014,598,-84,-25
11,04,2014,597,-84,-26
10,04,2014,596,-82,-24
09,04,2014,595,-83,-25
08,04,2014,594,-83,-22
07,04,2014,593,-83,-23
06,04,2014,592,-83,-26
05,04,2014,591,-82,-26
04,04,2014,590,-82,-26
03,04,2014,589,-85,-27
02,04,2014,588,-84,-24
01,04,2014,587,-85,-28
31,03,2014,586,-82,-24
30,03,2014,585,-83,-26
29,03,2014,584,-82,-25
28,03,2014,583,-82,-27
27,03,2014,582,-84,-27
26,03,2014,581,-84,-28
25,03,2014,580,-83,-24
24,03,2014,579,-82,-22
22,03,2014,578,-83,-23
21,03,2014,577,-84,-27
20,03,2014,576,-84,-26
19,03,2014,575,-82,-26
18,03,2014,574,-85,-23
17,03,2014,573,-84,-27
16,03,2014,572,-85,-27
15,03,2014,571,-84,-26
14,03,2014,570,-84,-26
13,03,2014,569,-85,-27
12,03,2014,568,-86,-28
11,03,2014,567,-86,-28
10,03,2014,566,-86,-27
09,03,2014,565,-85,-27
08,03,2014,564,-86,-27
07,03,2014,563,-87,-31
06,03,2014,562,-85,-23
05,03,2014,561,-85,-23
04,03,2014,560,-86,-23
03,03,2014,559,-85,-27
02,03,2014,558,-85,-26
01,03,2014,557,-85,-29
28,02,2014,556,-85,-29
27,02,2014,555,-85,-31
26,02,2014,554,-84,-22
25,02,2014,553,-84,-26
24,02,2014,552,-86,-29
23,02,2014,551,-85,-28
22,02,2014,550,-85,-27
21,02,2014,549,-87,-23
20,02,2014,548,-86,-28
19,02,2014,547,-85,-29
18,02,2014,546,-85,-34
17,02,2014,545,-85,-29
16,02,2014,544,-86,-27
15,02,2014,543,-84,-26
13,02,2014,542,-85,-28
12,02,2014,541,-84,-27
11,02,2014,540,-84,-29
10,02,2014,539,-85,-23
09,02,2014,538,-85,-25
08,02,2014,537,-83,-28
07,02,2014,536,-83,-29
06,02,2014,535,-88,-29
05,02,2014,534,-86,-29
04,02,2014,533,-87,-30
03,02,2014,532,-88,-23
02,02,2014,531,-87,-22
01,02,2014,530,-87,-28
31,01,2014,529,-87,-23
30,01,2014,528,-86,-26
29,01,2014,527,-86,-23
28,01,2014,526,-87,-24
27,01,2014,525,-87,-29
26,01,2014,524,-85,-27
25,01,2014,523,-85,-25
24,01,2014,522,-85,-26
23,01,2014,521,-87,-26
22,01,2014,520,-86,-24
21,01,2014,519,-86,-25
20,01,2014,518,-85,-29
19,01,2014,517,-86,-27
18,01,2014,516,-86,-25
17,01,2014,515,-86,-23
16,01,2014,514,-86,-29
15,01,2014,513,-86,-29
14,01,2014,512,-86,-24
13,01,2014,511,-85,-31
12,01,2014,510,-85,-31
11,01,2014,509,-86,-30
10,01,2014,508,-83,-29
09,01,2014,507,-85,-25
08,01,2014,506,-86,-27
06,01,2014,505,-85,-29
05,01,2014,504,-85,-29
04,01,2014,503,-86,-28
03,01,2014,502,-87,-30
02,01,2014,501,-86,-28
